{"IcoMoonType":"selection","icons":[{"icon":{"paths":["M585.143 402.286c0 9.714-4 18.857-10.857 25.714l-256 256c-6.857 6.857-16 10.857-25.714 10.857s-18.857-4-25.714-10.857l-256-256c-6.857-6.857-10.857-16-10.857-25.714 0-20 16.571-36.571 36.571-36.571h512c20 0 36.571 16.571 36.571 36.571z"],"width":585.1428571428571,"attrs":[],"isMulticolor":false,"isMulticolor2":false,"tags":["caret-down"],"defaultCode":61655,"grid":14},"attrs":[],"properties":{"name":"caret-down","id":191,"order":18,"prevSize":28,"code":61655},"setIdx":0,"setId":0,"iconIdx":191},{"icon":{"paths":["M585.143 694.857c0 20-16.571 36.571-36.571 36.571h-512c-20 0-36.571-16.571-36.571-36.571 0-9.714 4-18.857 10.857-25.714l256-256c6.857-6.857 16-10.857 25.714-10.857s18.857 4 25.714 10.857l256 256c6.857 6.857 10.857 16 10.857 25.714z"],"width":585.1428571428571,"attrs":[],"isMulticolor":false,"isMulticolor2":false,"tags":["caret-up"],"defaultCode":61656,"grid":14},"attrs":[],"properties":{"name":"caret-up","id":192,"order":19,"prevSize":28,"code":61656},"setIdx":0,"setId":0,"iconIdx":192},{"icon":{"paths":["M358.286 310.857c0 4.571-2.286 9.714-5.714 13.143l-224.571 224.571 224.571 224.571c3.429 3.429 5.714 8.571 5.714 13.143s-2.286 9.714-5.714 13.143l-28.571 28.571c-3.429 3.429-8.571 5.714-13.143 5.714s-9.714-2.286-13.143-5.714l-266.286-266.286c-3.429-3.429-5.714-8.571-5.714-13.143s2.286-9.714 5.714-13.143l266.286-266.286c3.429-3.429 8.571-5.714 13.143-5.714s9.714 2.286 13.143 5.714l28.571 28.571c3.429 3.429 5.714 8 5.714 13.143z"],"width":384,"attrs":[],"isMulticolor":false,"isMulticolor2":false,"tags":["angle-left"],"defaultCode":61700,"grid":14},"attrs":[],"properties":{"name":"angle-left","id":233,"order":20,"prevSize":28,"code":61700},"setIdx":0,"setId":0,"iconIdx":233},{"icon":{"paths":["M340 548.571c0 4.571-2.286 9.714-5.714 13.143l-266.286 266.286c-3.429 3.429-8.571 5.714-13.143 5.714s-9.714-2.286-13.143-5.714l-28.571-28.571c-3.429-3.429-5.714-8-5.714-13.143 0-4.571 2.286-9.714 5.714-13.143l224.571-224.571-224.571-224.571c-3.429-3.429-5.714-8.571-5.714-13.143s2.286-9.714 5.714-13.143l28.571-28.571c3.429-3.429 8.571-5.714 13.143-5.714s9.714 2.286 13.143 5.714l266.286 266.286c3.429 3.429 5.714 8.571 5.714 13.143z"],"width":347.4285714285714,"attrs":[],"isMulticolor":false,"isMulticolor2":false,"tags":["angle-right"],"defaultCode":61701,"grid":14},"attrs":[],"properties":{"name":"angle-right","id":234,"order":21,"prevSize":28,"code":61701},"setIdx":0,"setId":0,"iconIdx":234}],"height":1024,"metadata":{"name":"icomoon"},"preferences":{"showGlyphs":true,"showQuickUse":true,"showQuickUse2":true,"showSVGs":true,"fontPref":{"prefix":"icon-","metadata":{"fontFamily":"icomoon"},"metrics":{"emSize":1024,"baseline":6.25,"whitespace":50},"embed":false},"imagePref":{"prefix":"icon-","png":true,"useClassSelector":true,"color":0,"bgColor":16777215,"classSelector":".icon"},"historySize":50,"showCodes":true,"gridSize":16}}